<?xml version="1.0" encoding="UTF-8"?>
<beans xmlns="http://www.springframework.org/schema/beans"
	   xmlns:xsi="http://www.w3.org/2001/XMLSchema-instance"
	   xmlns:context="http://www.springframework.org/schema/context"
	   xmlns:task="http://www.springframework.org/schema/task"
	   xsi:schemaLocation="http://www.springframework.org/schema/beans
           http://www.springframework.org/schema/beans/spring-beans-3.0.xsd  
           http://www.springframework.org/schema/context  
           http://www.springframework.org/schema/context/spring-context-3.0.xsd  
           http://www.springframework.org/schema/task
           http://www.springframework.org/schema/task/spring-task-3.0.xsd"
	   default-autowire="byName">

	<!-- 启用注释配置，减少XML配置量 -->
	<!-- <context:annotation-config /> -->
	<context:component-scan base-package="com.iuni.dp" >
		<context:exclude-filter type="regex" expression="com\.iuni\.dp\.api\.datareport\.facade\..*"/>
		<context:exclude-filter type="regex" expression="com\.iuni\.dp\.api\.datareport\.task\..*"/>
		<context:exclude-filter type="regex" expression="com\.iuni\.dp\.service\.datareport\.service2\..*"/>
		<context:exclude-filter type="regex" expression="com\.iuni\.dp\.service\.datareport\.service\..*"/>
		<context:exclude-filter type="regex" expression="com\.iuni\.dp\.service\.datastat\..*"/>
		<context:exclude-filter type="regex" expression="com\.iuni\.dp\.service\.dataalarm\..*"/>
		<context:exclude-filter type="regex" expression="com\.iuni\.dp\.service\.sys\..*"/>
		<context:exclude-filter type="regex" expression="com\.iuni\.dp\.persist\.datareport\.dao\..*"/>
		<context:exclude-filter type="regex" expression="com\.iuni\.dp\.persist\.datastat\..*"/>
		<context:exclude-filter type="regex" expression="com\.iuni\.dp\.persist\.dataalarm\..*"/>
		<context:exclude-filter type="regex" expression="com\.iuni\.dp\.persist\.sys\..*"/>
	</context:component-scan>

	<bean id="propertyConfigurer"
		class="org.springframework.beans.factory.config.PropertyPlaceholderConfigurer">
		<property name="locations">
			<list>
				<value>classpath:config.properties</value>
			</list>
		</property>
	</bean>
	
	<!-- Spring Task -->
	<task:annotation-driven executor="executor" scheduler="scheduler" mode="proxy" proxy-target-class="false"/>

    <import resource="classpath:config/spring/applicationContext-*.xml" />
	
</beans>