<?xml version="1.0" encoding="UTF-8"?>
<beans xmlns="http://www.springframework.org/schema/beans"
	xmlns:xsi="http://www.w3.org/2001/XMLSchema-instance" xmlns:context="http://www.springframework.org/schema/context"
	xmlns:aop="http://www.springframework.org/schema/aop" xmlns:tx="http://www.springframework.org/schema/tx"
	xmlns:task="http://www.springframework.org/schema/task" xmlns:p="http://www.springframework.org/schema/p"
	xsi:schemaLocation="http://www.springframework.org/schema/beans  
           http://www.springframework.org/schema/beans/spring-beans-3.0.xsd  
           http://www.springframework.org/schema/context  
           http://www.springframework.org/schema/context/spring-context-3.0.xsd  
           http://www.springframework.org/schema/aop  
           http://www.springframework.org/schema/aop/spring-aop-3.0.xsd  
           http://www.springframework.org/schema/tx   
           http://www.springframework.org/schema/tx/spring-tx-3.0.xsd
           http://www.springframework.org/schema/task 
           http://www.springframework.org/schema/task/spring-task-3.0.xsd"> 

    <bean id="defaultHandlerMapping" class="org.springframework.web.servlet.handler.BeanNameUrlHandlerMapping">
    	<property name="defaultHandler" ref="httpRequestHandlerAdapter" />
    </bean>
    
    <bean id="httpRequestHandlerAdapter" class="org.springframework.web.servlet.mvc.HttpRequestHandlerAdapter" />
    
    <!-- ======================对JAVA的接口JSON服务============================ --> 
    <!-- 数据上报 -->
    <!--  
    <bean name="/reportFacade" class="org.springframework.remoting.caucho.HessianServiceExporter"> 
        <property name="service" ref="reportDataByMonFacade"/> 
        <property name="serviceInterface" value="com.gionee.dp.api.datareport.facade.ReportDataByMonFacade"/> 
    </bean>
    -->
    
    <!-- ======================对PHP的接口JSON服务============================ -->   
    <!-- 数据上报 -->
    <!--  
    <bean name="/reportFacade.json" class="com.googlecode.jsonrpc4j.spring.JsonServiceExporter"> 
        <property name="service" ref="reportDataByMonFacade" /> 
        <property name="serviceInterface" value="com.gionee.dp.api.datareport.facade.ReportDataByMonFacade"/> 
    </bean>
    -->
    
</beans>